name_a,name_b,block_state,block_token,band_unguarded,score_unguarded,score_guarded,same_entity,note
Directorate General of Lighthouses and Lightships || Directorate of Lighthouses and Lightships - Jamnagar - DGLL,Directorate General of Lighthouses and Lightships || Directorate of Lighthouses and Lightships - Mumbai - DGLL,Gujarat,directorate,90+,93.1,85.0,0,different unit (zone/circle/district/college/station)
Department of Higher Education,Department of Higher Education || Jabalpur - Govt M H College of Home Science and Science for Women -Jabalpur,Madhya Pradesh,department,90+,100.0,85.0,0,organisation vs one of its departments
Department of Higher Education,Department of Higher Education || Ratlam - Govt Arts and Science P G College Ratlam,Madhya Pradesh,department,90+,100.0,85.0,0,organisation vs one of its departments
National Institute of Technology Calicut || Engineering Unit 1 - NIT Calicut,National Institute of Technology Calicut || Project - NIT Calicut,Kerala,national,90+,90.2,85.0,0,different unit (zone/circle/district/college/station)
"DG,BSF,MHA || CSWT Indore,BSF,MHA","DG,BSF,MHA || Prov Dte, Proc Cell(New Delhi),BSF,MHA",Madhya Pradesh,directorate,90+,91.3,85.0,0,different unit (zone/circle/district/college/station)
Department of Higher Education,Department of Higher Education || Sagar - Govt Arts and Commerce College Sagar,Madhya Pradesh,department,90+,100.0,85.0,0,organisation vs one of its departments
Department of Higher Education,Department of Higher Education || Sidhi - Govt Sanjay Gandhi Smrati College Sidhi,Madhya Pradesh,department,90+,100.0,85.0,0,organisation vs one of its departments
Delhi Development Authority || CE-Dwarka Zone-DDA,Delhi Development Authority || CE-Rohini Zone-DDA,Delhi,delhi,90+,93.1,85.0,0,different unit (zone/circle/district/college/station)
Directorate of Health Services || CS District Balaghat,Directorate of Health Services || CS District Panna,Madhya Pradesh,directorate,90+,92.9,78.6,0,different unit (zone/circle/district/college/station)
All India Institute of Medical Science-New Delhi || Store CNC - AIIMS New Delhi,All India Institute of Medical Science-New Delhi || Store Main Hospital - AIIMS New Delhi,Delhi,all,90+,96.8,85.0,0,different unit (zone/circle/district/college/station)
Directorate of Health Services || CS District Bhind,Directorate of Health Services || CS District Panna,Madhya Pradesh,directorate,90+,92.9,78.6,0,different unit (zone/circle/district/college/station)
Directorate of Health Services || CS District Balaghat,Directorate of Health Services || CS District Morena,Madhya Pradesh,directorate,90+,91.8,75.9,0,different unit (zone/circle/district/college/station)
All India Institute of Medical Science-New Delhi || Plastic Surgery - AIIMS New Delhi,All India Institute of Medical Science-New Delhi || Store CNC - AIIMS New Delhi,Delhi,all,90+,91.5,85.0,0,different unit (zone/circle/district/college/station)
Directorate of Health Services || CS District Datia,Directorate of Health Services || CS District Khandwa,Madhya Pradesh,directorate,90+,92.9,78.6,0,different unit (zone/circle/district/college/station)
Delhi Development Authority || CE-East Zone-DDA,Delhi Development Authority || CE-Projects Zone-DDA,Delhi,delhi,90+,94.9,85.0,0,different unit (zone/circle/district/college/station)
Directorate of Health Services || EE NHM Indore Division,Directorate of Health Services || EE NHM Ujjain Division,Madhya Pradesh,directorate,90+,94.4,85.0,0,different unit (zone/circle/district/college/station)
Archaeological Survey of India || O/o SA-ASI-Aurangabad Circle-Aurangabad,Archaeological Survey of India || O/o SA-ASI-Mumbai Circle-Mumbai,Maharashtra,archaeological,90+,91.8,85.0,0,different unit (zone/circle/district/college/station)
Ministry of Road Transport and Highways,Ministry of Road Transport and Highways || Special Project Zone(SPZ)-Delhi - MoRTH,Delhi,ministry,90+,100.0,85.0,0,organisation vs one of its departments
All India Institute of Medical Science-New Delhi || Store JPNATC - AIIMS New Delhi,All India Institute of Medical Science-New Delhi || Store RPC - AIIMS New Delhi,Delhi,all,90+,96.8,85.0,0,different unit (zone/circle/district/college/station)
Delhi Development Authority || CE-Dwarka Zone-DDA,Delhi Development Authority || CE-North Zone-DDA,Delhi,delhi,90+,94.0,85.0,0,different unit (zone/circle/district/college/station)
Archaeological Survey of India || O/o SA-ASI-Agra Circle-Agra,Archaeological Survey of India || O/o SA-ASI-Lucknow Circle-Lucknow,Uttar Pradesh,archaeological,90+,94.0,85.0,0,different unit (zone/circle/district/college/station)
All India Institute of Medical Science-New Delhi || Store DO - AIIMS New Delhi,All India Institute of Medical Science-New Delhi || Store Main Hospital - AIIMS New Delhi,Delhi,all,90+,97.6,85.0,0,different unit (zone/circle/district/college/station)
Department of Higher Education || Ujjain - Govt Madhav Science College Ujjain,Department of Higher Education || Ujjain - Prime Ministers College of Excellence Govt Madhav College - Ujjain,Madhya Pradesh,department,90+,92.5,84.0,0,different unit (zone/circle/district/college/station)
NHPC Limited || Chamera Power Station-I-NHPC,NHPC Limited || Chamera-III Power Station-NHPC,Himachal Pradesh,nhpc,90+,97.3,85.0,0,different unit (zone/circle/district/college/station)
Department of Higher Education || Bhopal - Govt Sarojini Naidu Girls P G College Bhopal,Department of Higher Education || Ujjain - Govt Girls P G College Ujjain,Madhya Pradesh,department,90+,92.8,82.9,0,different unit (zone/circle/district/college/station)
All India Institute of Medical Science-New Delhi || Store DO - AIIMS New Delhi,All India Institute of Medical Science-New Delhi || Store JPNATC - AIIMS New Delhi,Delhi,all,90+,97.6,85.0,0,different unit (zone/circle/district/college/station)
Directorate of Health Services || EE NHM Indore Division,Directorate of Health Services || EE NHM Rewa Division,Madhya Pradesh,directorate,90+,95.9,85.0,0,different unit (zone/circle/district/college/station)
Directorate of Health Services || CS District Datia,Directorate of Health Services || CS District Morena,Madhya Pradesh,directorate,90+,92.9,78.6,0,different unit (zone/circle/district/college/station)
Directorate of Health Services || CS District Morena,Directorate of Health Services || CS District Panna,Madhya Pradesh,directorate,90+,92.9,80.0,0,different unit (zone/circle/district/college/station)
Delhi Development Authority || CE-Projects Zone-DDA,Delhi Development Authority || CE-South Zone-DDA,Delhi,delhi,90+,94.0,85.0,0,different unit (zone/circle/district/college/station)
Delhi Development Authority || CE-Dwarka Zone-DDA,Delhi Development Authority || CE-South Zone-DDA,Delhi,delhi,90+,94.0,85.0,0,different unit (zone/circle/district/college/station)
Directorate of Health Services || CS District Balaghat,Directorate of Health Services || CS District Datia,Madhya Pradesh,directorate,90+,92.9,78.6,0,different unit (zone/circle/district/college/station)
National Council of Science Museums || BITM-Kolkata - NCSM,National Council of Science Museums || HQ-Kolkata - NCSM,West Bengal,national,90+,96.8,85.0,0,different unit (zone/circle/district/college/station)
Andaman Lakshadweep Harbour Works || Executive Engineer (CSWD)- Port Blair ALHW,Andaman Lakshadweep Harbour Works || Executive Engineer (Out Station) Port Blair- ALHW,Andaman and Nicobar Islands,andaman,90+,96.5,85.0,0,different unit (zone/circle/district/college/station)
Directorate of Health Services || EE NHM Bhopal Division,Directorate of Health Services || EE NHM Indore Division,Madhya Pradesh,directorate,90+,94.4,85.0,0,different unit (zone/circle/district/college/station)
Directorate of Health Services || CS District Bhopal,Directorate of Health Services || CS District Morena,Madhya Pradesh,directorate,90+,91.8,77.8,0,different unit (zone/circle/district/college/station)
Delhi Development Authority || CE-Dwarka Zone-DDA,Delhi Development Authority || CE-East Zone-DDA,Delhi,delhi,90+,94.9,85.0,0,different unit (zone/circle/district/college/station)
Department of Higher Education,Department of Higher Education || Mandsaur - Govt College Shyamgarh,Madhya Pradesh,department,90+,100.0,85.0,0,organisation vs one of its departments
Department of Higher Education,Department of Higher Education || Vidisha - Govt Lal Bahadur Shastri College Sironj,Madhya Pradesh,department,90+,100.0,85.0,0,organisation vs one of its departments
Archaeological Survey of India || O/o SA - ASI - Jhansi circle,Archaeological Survey of India || O/o SA - ASI - Merrut circle,Uttar Pradesh,archaeological,90+,91.8,85.0,0,different unit (zone/circle/district/college/station)
Department of Higher Education || Khargone - Govt College Kasrawad,Department of Higher Education || Mandsaur - Govt College Shyamgarh,Madhya Pradesh,department,80-90,80.4,58.8,0,different unit (zone/circle/district/college/station)
Department of Higher Education || Bhopal - Govt Sarojini Naidu Girls P G College Bhopal,Department of Higher Education || Tikamgarh - Govt P G College Tikamgarh,Madhya Pradesh,department,80-90,88.6,68.8,0,different unit (zone/circle/district/college/station)
Delhi Metro Rail Corporation Limited || GM/Electrical/ O and M,Delhi Metro Rail Corporation Limited || GM/Property Business - DMRC,Delhi,delhi,80-90,83.9,38.1,0,different unit (zone/circle/district/college/station)
All India Institute of Medical Science-New Delhi || Store Main Hospital - AIIMS New Delhi,All India Institute of Medical Science-New Delhi || Surgical Disciplines - AIIMS New Delhi,Delhi,all,80-90,84.6,82.7,0,different unit (zone/circle/district/college/station)
Directorate of Health Services || CS District Bhind,Directorate of Health Services || RJD SAGAR,Madhya Pradesh,directorate,80-90,84.4,30.8,0,different unit (zone/circle/district/college/station)
Department of Higher Education || Mandsaur - Govt College Shyamgarh,Department of Higher Education || Sagar - Govt Arts and Commerce College Sagar,Madhya Pradesh,department,80-90,82.6,64.2,0,different unit (zone/circle/district/college/station)
THDC India Limited || Corporate Office-Rishikesh-THDC India Ltd,THDC India Limited || Tehri-THDC India Ltd,Uttarakhand,thdc,80-90,85.7,85.0,0,different unit (zone/circle/district/college/station)
Department of Higher Education || Jabalpur - Govt M H College of Home Science and Science for Women -Jabalpur,Department of Higher Education || Sagar - Govt P G College Bina,Madhya Pradesh,department,80-90,82.4,48.3,0,different unit (zone/circle/district/college/station)
Directorate of Health Services || EE NHM Ujjain Division,Directorate of Health Services || RJD Bhopal,Madhya Pradesh,directorate,80-90,83.1,16.7,0,different unit (zone/circle/district/college/station)
Department of Higher Education || Balaghat - Govt College Lanji,Department of Higher Education || Ujjain - Prime Ministers College of Excellence Govt Madhav College - Ujjain,Madhya Pradesh,department,80-90,82.4,48.3,0,different unit (zone/circle/district/college/station)
Department of Higher Education || Bhopal - Govt Sarojini Naidu Girls P G College Bhopal,Department of Higher Education || Sagar - Govt P G College Bina,Madhya Pradesh,department,80-90,87.6,66.7,0,different unit (zone/circle/district/college/station)
Directorate of Health Services || CMHO District Niwari,Directorate of Health Services || CS District Balaghat,Madhya Pradesh,directorate,80-90,85.7,57.1,0,different unit (zone/circle/district/college/station)
National Institute of Technology Rourkela || Estate and Maintenance - NITRKL,National Institute of Technology Rourkela || Purchase and Works - NITRKL,Odisha,national,80-90,85.7,44.4,0,different unit (zone/circle/district/college/station)
Delhi Development Authority || CE-Dwarka Zone-DDA,Delhi Development Authority || CE-Electrical-DDA,Delhi,delhi,80-90,88.4,85.0,0,different unit (zone/circle/district/college/station)
Department of Higher Education || Indore - Govt Holkar Science College Indore,Department of Higher Education || Ratlam - Govt Arts and Science P G College Ratlam,Madhya Pradesh,department,80-90,86.0,68.2,0,different unit (zone/circle/district/college/station)
Delhi Metro Rail Corporation Limited || Central Vista,Delhi Metro Rail Corporation Limited || GM/Property Business - DMRC,Delhi,delhi,80-90,83.7,21.1,0,different unit (zone/circle/district/college/station)
"DG,BSF,MHA || Punjab Ftr(Jallundhar),BSF,MHA","DG,BSF,MHA || SPL DG WEST(Chandigarh),BSF,MHA",Punjab,directorate,80-90,86.3,79.6,0,different unit (zone/circle/district/college/station)
Indian Institute of Science Education and Research Bhopal || Institute Works Department-IISER-Bhopal,Indian Institute of Science Education and Research Bhopal || Stores and Purchase Section-IISER-Bhopal,Madhya Pradesh,indian,80-90,86.8,64.0,0,different unit (zone/circle/district/college/station)
Delhi Metro Rail Corporation Limited || Central Vista,Delhi Metro Rail Corporation Limited || GM/Electrical/ O and M,Delhi,delhi,80-90,83.7,40.0,0,different unit (zone/circle/district/college/station)
Nuclear Recycle Board || Tarapur - Construction - NRB,Nuclear Recycle Board || Tarapur - Operations (INRPO) - NRB,Maharashtra,nuclear,80-90,83.5,69.2,0,different unit (zone/circle/district/college/station)
Indian Institute of Information Technology - Kalyani,Indian Institute of Technology Kharagpur,West Bengal,indian,80-90,84.4,84.4,0,different institutes
Department of Higher Education || Betul - Govt P G College Multai -Dist Betul,Department of Higher Education || Ujjain - Govt Girls P G College Ujjain,Madhya Pradesh,department,80-90,85.7,63.2,0,different unit (zone/circle/district/college/station)
Directorate of Health Services || CS District Bhopal,Directorate of Health Services || EE NHM Bhopal Division,Madhya Pradesh,directorate,80-90,85.0,50.0,0,different unit (zone/circle/district/college/station)
Department of Higher Education || Jabalpur - Govt M H College of Home Science and Science for Women -Jabalpur,Department of Higher Education || Ratlam - Govt Arts and Science P G College Ratlam,Madhya Pradesh,department,80-90,84.3,65.2,0,different unit (zone/circle/district/college/station)
Department of Higher Education || Balaghat - Govt Jatashankar Trivedi College Balaghat,Department of Higher Education || Ujjain - Govt Girls P G College Ujjain,Madhya Pradesh,department,80-90,80.5,45.2,0,different unit (zone/circle/district/college/station)
Department of Higher Education || Indore - Govt Holkar Science College Indore,Department of Higher Education || Ujjain - Govt Girls P G College Ujjain,Madhya Pradesh,department,80-90,80.5,52.8,0,different unit (zone/circle/district/college/station)
Directorate of Health Services || CS District Datia,Directorate of Health Services || RJD SAGAR,Madhya Pradesh,directorate,80-90,84.4,30.8,0,different unit (zone/circle/district/college/station)
Department of Higher Education || Katni - Govt Girls College Katni,Department of Higher Education || Mandla - Govt College Bhuabichhiya,Madhya Pradesh,department,80-90,85.4,53.8,0,different unit (zone/circle/district/college/station)
Directorate of Health Services || EE NHM Indore Division,Directorate of Health Services || RJD Bhopal,Madhya Pradesh,directorate,80-90,83.1,16.7,0,different unit (zone/circle/district/college/station)
Directorate of Health Services || CMHO District Khandwa,Directorate of Health Services || CS District Bhopal,Madhya Pradesh,directorate,80-90,87.8,61.5,0,different unit (zone/circle/district/college/station)
Chennai Metro Rail Limited || Contract Management Department - CMRL,Chennai Metro Rail Limited || Rolling Stock Department - CMRL,Tamil Nadu,chennai,80-90,85.7,68.2,0,different unit (zone/circle/district/college/station)
Delhi Metro Rail Corporation Limited || DMRC - JICA Tenders,Delhi Metro Rail Corporation Limited || GM/Property Business - DMRC,Delhi,delhi,80-90,86.3,42.9,0,different unit (zone/circle/district/college/station)
Delhi University || Central Office - DU,Delhi University || Vallabhbhai Patel Chest Institute - DU,Delhi,delhi,80-90,82.6,39.1,0,different unit (zone/circle/district/college/station)
Department of Higher Education || Dhindori -Prime Ministers College of Excellence Chandra Vijay College-Dindori,Department of Higher Education || Tikamgarh - Govt P G College Tikamgarh,Madhya Pradesh,department,80-90,83.3,50.0,0,different unit (zone/circle/district/college/station)
Tata Memorial Centre || ACTREC Kharghar Navi Mumbai,Tata Memorial Centre || Tata Memorial Hospital Mumbai,Maharashtra,tata,80-90,85.7,46.4,0,different unit (zone/circle/district/college/station)
Department of Higher Education || Balaghat - Govt Jatashankar Trivedi College Balaghat,Department of Higher Education || Sagar - Govt P G College Bina,Madhya Pradesh,department,80-90,82.4,55.2,0,different unit (zone/circle/district/college/station)
Department of Higher Education || Indore - Govt Holkar Science College Indore,Department of Higher Education || Ujjain - Govt Madhav Science College Ujjain,Madhya Pradesh,department,80-90,86.0,72.4,0,different unit (zone/circle/district/college/station)
Delhi Metro Rail Corporation Limited || Central Vista,Delhi Metro Rail Corporation Limited || ED/Contracts - DMRC,Delhi,delhi,80-90,83.7,40.0,0,different unit (zone/circle/district/college/station)
Department of Higher Education || Sagar - Govt Arts and Commerce College Sagar,Department of Higher Education || Tikamgarh - Govt P G College Tikamgarh,Madhya Pradesh,department,80-90,83.3,58.3,0,different unit (zone/circle/district/college/station)
Directorate of Health Services || CS District Bhopal,Directorate of Health Services || RJD SAGAR,Madhya Pradesh,directorate,80-90,84.4,22.2,0,different unit (zone/circle/district/college/station)
Directorate of Health Services || CS District Bhind,Directorate of Health Services || EE NHM Ujjain Division,Madhya Pradesh,directorate,70-80,75.0,25.5,0,different unit (zone/circle/district/college/station)
Directorate of Health Services || CS District Datia,Directorate of Health Services || National Health Mission- MP,Madhya Pradesh,directorate,70-80,75.0,32.7,0,different unit (zone/circle/district/college/station)
Directorate of Health Services || CS District Morena,Directorate of Health Services || EE NHM Gwalior Division,Madhya Pradesh,directorate,70-80,74.0,35.1,0,different unit (zone/circle/district/college/station)
Directorate of Health Services || CMHO District Khandwa,Directorate of Health Services || EE NHM Rewa Division,Madhya Pradesh,directorate,70-80,71.1,35.1,0,different unit (zone/circle/district/college/station)
Directorate of Health Services || CS District Morena,Directorate of Health Services || EE NHM Ujjain Division,Madhya Pradesh,directorate,70-80,74.0,32.1,0,different unit (zone/circle/district/college/station)
Department of Higher Education || Balaghat - Govt Jatashankar Trivedi College Balaghat,Department of Higher Education || Sidhi - Govt Sanjay Gandhi Smrati College Sidhi,Madhya Pradesh,department,70-80,74.6,54.3,0,different unit (zone/circle/district/college/station)
Directorate of Health Services || CS District Bhind,Directorate of Health Services || EE NHM Bhopal Division,Madhya Pradesh,directorate,70-80,75.0,32.7,0,different unit (zone/circle/district/college/station)
Department of Higher Education || Chhindwara - Govt Pench Valley College Parasiya,Department of Higher Education || Sagar - Govt Arts and Commerce College Sagar,Madhya Pradesh,department,70-80,77.8,47.8,0,different unit (zone/circle/district/college/station)
Department of Higher Education || Balaghat - Govt Jatashankar Trivedi College Balaghat,Department of Higher Education || Indore- Govt Maharani Laxmibai P G Girls College - Kila Bhawan Indore,Madhya Pradesh,department,70-80,70.7,44.4,0,different unit (zone/circle/district/college/station)
"DG,BSF,MHA || Srinagar FTR(Srinagar),BSF,MHA","DG,CRPF,MHA || Jammu Zone,CRPF,MHA",Jammu and Kashmir,directorate,70-80,76.4,65.1,0,different forces (BSF vs CRPF)
Department of Higher Education || Bhopal - Institute for Excellence in Higher Educaiton Bhopal,Department of Higher Education || Katni - Govt Girls College Katni,Madhya Pradesh,department,70-80,73.0,38.1,0,different unit (zone/circle/district/college/station)
Delhi Development Authority || CE-Rohini Zone-DDA,Delhi Development Authority || Commissioner (Sports)-DDA,Delhi,delhi,70-80,73.0,73.0,0,different unit (zone/circle/district/college/station)
Department of Higher Education || Jhabua - Govt Shahid Chandrshekhar P G College Jhabua,Department of Higher Education || Mandla - Govt College Bhuabichhiya,Madhya Pradesh,department,70-80,77.8,48.5,0,different unit (zone/circle/district/college/station)
Department of Higher Education || Dhindori -Prime Ministers College of Excellence Chandra Vijay College-Dindori,Department of Higher Education || Indore - Govt Holkar Science College Indore,Madhya Pradesh,department,70-80,76.1,48.9,0,different unit (zone/circle/district/college/station)
Department of Higher Education || Balaghat - Govt Jatashankar Trivedi College Balaghat,Department of Higher Education || Jabalpur - Govt M H College of Home Science and Science for Women -Jabalpur,Madhya Pradesh,department,70-80,70.7,45.3,0,different unit (zone/circle/district/college/station)
"Department of Posts || Delhi Circle, Dept. of Posts",Department of Posts || Department of Posts(Dak Bhawan),Delhi,department,70-80,74.4,74.4,0,different unit (zone/circle/district/college/station)
"DG,BSF,MHA || Srinagar FTR(Srinagar),BSF,MHA","DG,CRPF,MHA || Rajasthan Sector,CRPF,MHA",Jammu and Kashmir,directorate,70-80,76.4,65.1,0,different forces (BSF vs CRPF)
Department of Higher Education || Mandsaur - Govt College Shyamgarh,Department of Higher Education || Sidhi - Govt Sanjay Gandhi Smrati College Sidhi,Madhya Pradesh,department,70-80,79.3,60.0,0,different unit (zone/circle/district/college/station)
Delhi University || Bharati College - DU,Delhi University || Vallabhbhai Patel Chest Institute - DU,Delhi,delhi,70-80,70.4,33.3,0,different unit (zone/circle/district/college/station)
Directorate of Health Services || CS District Morena,Directorate of Health Services || EE NHM Indore Division,Madhya Pradesh,directorate,70-80,74.0,39.3,0,different unit (zone/circle/district/college/station)
Department of Higher Education || Khargone - Govt College Kasrawad,Department of Higher Education || Vidisha - Govt Lal Bahadur Shastri College Sironj,Madhya Pradesh,department,70-80,79.5,50.7,0,different unit (zone/circle/district/college/station)
Department of Higher Education || Mandla - Govt College Bhuabichhiya,Department of Higher Education || Vidisha - Govt Lal Bahadur Shastri College Sironj,Madhya Pradesh,department,70-80,77.8,52.2,0,different unit (zone/circle/district/college/station)
Department of Higher Education || Chhindwara - Govt Pench Valley College Parasiya,Department of Higher Education || Khargone - Govt College Kasrawad,Madhya Pradesh,department,70-80,79.5,49.2,0,different unit (zone/circle/district/college/station)
Department of Higher Education || Balaghat - Govt Jatashankar Trivedi College Balaghat,Department of Higher Education || Mandla - Govt College Bhuabichhiya,Madhya Pradesh,department,70-80,77.8,50.8,0,different unit (zone/circle/district/college/station)
Department of Higher Education || Khargone - Jawaharlal Nehru Govt Degree College - Badwaha,Department of Higher Education || Mandsaur - Govt College Shyamgarh,Madhya Pradesh,department,70-80,78.7,48.6,0,different unit (zone/circle/district/college/station)
Department of Higher Education || Khargone - Jawaharlal Nehru Govt Degree College - Badwaha,Department of Higher Education || Ujjain - Govt Madhav Science College Ujjain,Madhya Pradesh,department,70-80,76.1,49.4,0,different unit (zone/circle/district/college/station)
Department of Higher Education || Indore - Govt Holkar Science College Indore,Department of Higher Education || Mandla - Govt College Bhuabichhiya,Madhya Pradesh,department,70-80,77.8,50.0,0,different unit (zone/circle/district/college/station)
Department of Higher Education || Bhopal - Govt Sarojini Naidu Girls P G College Bhopal,Department of Higher Education || Sidhi - Govt Sanjay Gandhi Smrati College Sidhi,Madhya Pradesh,department,70-80,72.9,52.1,0,different unit (zone/circle/district/college/station)
Department of Higher Education || Mandla - Govt College Bhuabichhiya,Department of Higher Education || Ratlam - Govt Arts and Science P G College Ratlam,Madhya Pradesh,department,70-80,77.8,44.8,0,different unit (zone/circle/district/college/station)
Department of Higher Education || Mandla - Govt College Bhuabichhiya,Department of Higher Education || Sidhi - Govt Sanjay Gandhi Smrati College Sidhi,Madhya Pradesh,department,70-80,77.8,52.5,0,different unit (zone/circle/district/college/station)
Department of Higher Education || Balaghat - Govt Jatashankar Trivedi College Balaghat,Department of Higher Education || Dhindori -Prime Ministers College of Excellence Chandra Vijay College-Dindori,Madhya Pradesh,department,70-80,70.7,39.6,0,different unit (zone/circle/district/college/station)
DIRECTORATE AYUSH,Directorate of Health Services || EE NHM Ujjain Division,Madhya Pradesh,directorate,70-80,78.6,78.6,0,different directorates
DIRECTORATE AYUSH,Directorate of Health Services || CS District Bhind,Madhya Pradesh,directorate,70-80,78.6,78.6,0,different directorates
Department of Higher Education || Betul - Govt P G College Multai -Dist Betul,Department of Higher Education || Ujjain - Govt Madhav Science College Ujjain,Madhya Pradesh,department,70-80,76.1,51.6,0,different unit (zone/circle/district/college/station)
Directorate of Health Services || CS District Bhopal,Directorate of Health Services || EE NHM Ujjain Division,Madhya Pradesh,directorate,70-80,74.0,21.4,0,different unit (zone/circle/district/college/station)
Directorate of Health Services || CS District Bhind,Directorate of Health Services || EE NHM Sagar Division,Madhya Pradesh,directorate,70-80,75.0,25.9,0,different unit (zone/circle/district/college/station)
Department of Higher Education || Mandsaur - Govt College Shyamgarh,Department of Higher Education || Ujjain - Govt Madhav Science College Ujjain,Madhya Pradesh,department,70-80,78.7,54.5,0,different unit (zone/circle/district/college/station)
Department of Higher Education || Mandsaur - Govt College Shyamgarh,Department of Higher Education || Ratlam - Govt Arts and Science P G College Ratlam,Madhya Pradesh,department,70-80,78.7,45.6,0,different unit (zone/circle/district/college/station)
Directorate of Health Services || CS District Seoni,Directorate of Health Services || EE NHM Ujjain Division,Madhya Pradesh,directorate,70-80,75.0,32.7,0,different unit (zone/circle/district/college/station)
Department of Higher Education || Betul - Govt P G College Multai -Dist Betul,Department of Higher Education || Chhindwara - Govt Pench Valley College Parasiya,Madhya Pradesh,department,70-80,72.9,41.1,0,different unit (zone/circle/district/college/station)
